 dealer_name,total_rating,total_votes,year_established,alexaRank,pageViewsPerVisitor,dailyTimeOnSiteInSeconds,websiteURL
 Book My Carz,4.4, 12 ,2014,99999999,0,0,none
 Nexa,3.9, 343 ,2015,99999999,0,0,http://www.trsawhneymotors.com
 Koncept Hyundai,3.9, 6656 ,2011,99999999,0,0,http://www.koncepthyundai.com
 Pasco Automobiles,4.0, 3609 ,1992,99999999,0,0,http://www.pasco.in
 Renault Delhi East,3.8, 6215 ,2011,99999999,0,0,none
 Sri Durga Automobiles,3.9, 3553 ,NA,99999999,0,0,http://www.sridurgaautomobiles.com
 Koncept Automobiles Pvt Ltd,3.9, 857 ,2011,99999999,0,0,http://www.konceptmahindra.com
 Galaxy Toyota,4.1, 6727 ,2005,99999999,0,0,http://www.galaxytoyota.com
 Treo Nissan,4.0, 180 ,2015,99999999,0,0,none
 Jinder Pal Motors,4.5, 2 ,1986,99999999,0,0,http://www.Palmotors.co.in
 Renault Delhi East,3.8, 6215 ,2011,99999999,0,0,none
 Treo Nissan,4.0, 180 ,2015,99999999,0,0,none
 Jinder Pal Motors,4.5, 2 ,1986,99999999,0,0,http://www.Palmotors.co.in
 Car Boom,3.7, 145 ,2006,99999999,0,0,none
 Libra Motors,4.0, 219 ,2012,99999999,0,0,none
 Colors India Car Accersories,4.3, 9 ,2009,99999999,0,0,none
 Zedex Datsun,3.5, 152 ,2012,99999999,0,0,http://www.zedexnissan.co.in
 Singh Motors & Properties,4.0, 2 ,2016,99999999,0,0,none
 Auto Nation,3.1, 4 ,2013,99999999,0,0,none
 Galaxy Toyota,4.1, 6727 ,2005,99999999,0,0,http://www.galaxytoyota.com
 Sagar Motors,3.9, 35 ,2016,99999999,0,0,http://www.sagarmotors.co.in
 Shri Ram Motors,3.8, 13 ,1986,99999999,0,0,none
 Maruti new car brand dealer,3.5, 2 ,2016,99999999,0,0,none
 Rohan Motors Nexa,4.0, 60 ,2015,99999999,0,0,http://www.nexaexperience.com
 Prime Motor,4.0, 30 ,2009,99999999,0,0,http://www.carvekho.com
 Himgiri Cars Pvt Ltd,3.9, 1370 ,2010,99999999,0,0,http://www.himgiricars.com
 Book My Carz,4.4, 12 ,2014,99999999,0,0,none
 Treo Chevrolet,3.9, 1301 ,2013,99999999,0,0,http://www.treochevrolet.com
 Golden Automobiles,3.5, 2 ,NA,99999999,0,0,none
 Enn Kay The Car Point,4.0, 18 ,2001,99999999,0,0,none
 Tirupati Motor & Properties,4.8, 8 ,1990,99999999,0,0,none
 Chanson Cars Pvt Ltd,3.5, 2 ,2016,99999999,0,0,none
 Sapna Motors,3.9, 34 ,1982,99999999,0,0,none
 Car Town,2.4, 6 ,1999,99999999,0,0,none
 Nexa,3.8, 671 ,2015,99999999,0,0,http://www.trsawhneymotors.com
 Top Gear Automobile,3.7, 209 ,1999,99999999,0,0,none
 carvyapar.com,3.5, 2 ,2016,99999999,0,0,http://www.carvyapar.com
 Zaira Motors,3.9, 72 ,1996,99999999,0,0,http://www.zairamotors.com
 D D Motors,3.9, 5810 ,2003,99999999,0,0,http://www.ddmotors.in
 D D Motors,3.9, 2601 ,1996,99999999,0,0,http://www.ddmotors.net
 Nexa,3.9, 459 ,2015,99999999,0,0,http://www.nexaexperience.com
 D D Motors,4.0, 3223 ,NA,99999999,0,0,http://www.ddmotors.in
 Ring Road Honda,3.9, 13637 ,NA,99999999,0,0,none
 Competent Automobiles Co Ltd,3.9, 3149 ,1997,99999999,0,0,http://www.competent-maruti.com
 Hans Hyundai A Unit Of Charu Motors,3.9, 6737 ,1999,99999999,0,0,http://www.hanshyundai.com
 Competent Automobiles Co Ltd,3.8, 1284 ,1983,99999999,0,0,http://www.competent-maruti.com
 Saya Automobiles Ltd,3.8, 1038 ,1988,99999999,0,0,none
 Nexa,3.9, 278 ,2015,99999999,0,0,http://www.nexaexperience.com
 Nexa Fairdeal Cars Pvt Ltd,3.9, 362 ,2015,99999999,0,0,http://www.nexaexperience.com
 Prime Honda Capital Cars Pvt Ltd,4.0, 1347 ,NA,99999999,0,0,http://www.primehonda.com
 Rana Motors Pvt Ltd,4.0, 1588 ,NA,99999999,0,0,http://www.ranamotors.in
 Rana Motors Pvt Ltd,3.9, 1127 ,NA,99999999,0,0,http://www.ranamotors.in
 Nexa,3.9, 242 ,2015,99999999,0,0,http://www.nexaexperience.com
 Rohan Motors Ltd,3.9, 1249 ,2003,99999999,0,0,http://www.rohanmotors.in
 Renault Delhi West,3.9, 1330 ,NA,99999999,0,0,http://www.renault.co.in
 Nexa,3.7, 169 ,2015,99999999,0,0,http://www.nexaexperience.com
 Vipul Motors Pvt Ltd,4.0, 1732 ,1988,99999999,0,0,http://www.vipulmotors.com
 Prem Motors Pvt Ltd,4.0, 145 ,1990,99999999,0,0,http://www.premmotors.com
 Krish Automotors Pvt Ltd,4.0, 525 ,2009,99999999,0,0,http://www.krishautomotors.com
 Magic Auto,4.0, 2197 ,NA,99999999,0,0,http://www.magicmaruti.com
 AAA Vehicleades Pvt Ltd,4.0, 413 ,2008,99999999,0,0,http://www.aaavehicleades.com
 Koncept Automobiles Pvt Limited,4.0, 3444 ,NA,99999999,0,0,http://www.konceptmahindra.com
 T R Sawhney Motors Pvt Ltd,3.7, 865 ,2007,99999999,0,0,http://www.trsawhneymotors.com
 MGF Toyota Capital Vehicles Sales Ltd,4.1, 2096 ,NA,99999999,0,0,http://www.mgftoyota.co.in
 Magic Auto Pvt Ltd,3.8, 564 ,2003,99999999,0,0,none
 Classic Honda,4.1, 977 ,2007,99999999,0,0,http://www.classichonda.co.in
 Lally Automobiles Pvt Ltd,3.8, 1381 ,2008,99999999,0,0,http://www.courtesyhonda.in
 Rana Motors,3.6, 132 ,2015,99999999,0,0,http://www.ranamotors.co.in
 Harpreet Ford,3.8, 1130 ,2010,99999999,0,0,http://www.harpreetford.com
 Shiva Motors,3.7, 776 ,NA,99999999,0,0,http://www.shivamotors.in
 Samara Hyundai,3.9, 443 ,2012,99999999,0,0,http://www.samarahyundai.com
 T & T Motors Pvt  Ltd,4.1, 877 ,2016,99999999,0,0,http://www.tandtmotorsdelhi.in
 Magic Auto,4.0, 654 ,2015,99999999,0,0,http://www.magicmaruti.com
 Prem Motors,3.9, 124 ,2015,99999999,0,0,http://www.premmotors.com
 D D Motors Pvt Ltd,3.9, 570 ,NA,99999999,0,0,http://www.ddmotors.net
 Galaxy Toyota,4.1, 1351 ,2009,99999999,0,0,http://www.galaxytoyota.com
 Silver Arrow Automobiles Pvt Ltd,4.1, 1307 ,2012,99999999,0,0,http://www.silverarrows.in
 Nexa,4.0, 22 ,2016,99999999,0,0,http://www.nexaexperience.com
 Unity Hyundai,4.1, 160 ,2015,99999999,0,0,http://www.unityhyundai.com
 Mahadev Hyundai,3.8, 443 ,2013,99999999,0,0,http://mahadev.hyundaimotor.in
 AMP Motors,4.2, 1003 ,2010,99999999,0,0,http://www.ampmotors.in
 Regent Autolinks Pvt Ltd,4.0, 432 ,NA,99999999,0,0,none
 T & T Motors Private Limited,4.1, 413 ,NA,99999999,0,0,http://www.tandtmotors.co.in
 D D Nexa,4.4, 26 ,2016,99999999,0,0,http://www.ddnexa.com
 Delight Honda,4.0, 506 ,2007,99999999,0,0,none
 Auto Vikas Sale & Services,3.7, 630 ,2014,99999999,0,0,none
 Vipul Motors Pvt Ltd,4.0, 207 ,1999,99999999,0,0,http://www.vipulmotors.com
 Rana Motors Pvt Ltd,3.8, 24 ,2016,99999999,0,0,http://www.ranamotors.co.in
 Mahindra First Choice,3.5, 238 ,1997,99999999,0,0,none
 Rohan Motors Ltd,4.0, 1017 ,NA,99999999,0,0,http://www.rohanmotors.in
 Bagga Link Motors Pvt Ltd,3.9, 265 ,NA,99999999,0,0,http://www.baggalinkmaruti.com
 Galaxy Toyota,4.0, 2568 ,2008,99999999,0,0,http://www.galaxytoyota.com
 Graduate Motors palace,3.8, 105 ,1984,99999999,0,0,none
 Uttam Toyota,4.1, 308 ,1998,99999999,0,0,http://www.uttamtoyota.com
 Concorde Motors India Limited,3.9, 415 ,2012,99999999,0,0,http://www.concordemotors.com
 Himgiri Automobiles Pvt Ltd,3.9, 2146 ,2011,99999999,0,0,http://www.himgirigurgaon.com
 Pearl Honda,3.8, 1105 ,NA,99999999,0,0,none
 Dream Hyundai.,3.8, 298 ,NA,99999999,0,0,http://www.dream.hyundaimotor.in
 RALLY MOTORS,3.7, 129 ,2000,99999999,0,0,none
 Magic Auto,3.9, 4992 ,NA,99999999,0,0,http://www.magicmaruti.com
 V Go Ford,3.8, 479 ,2013,99999999,0,0,http://www.vgoford.in
 T & T Motors Private Limited,4.1, 330 ,1998,99999999,0,0,http://www.tandtmotors.co.in
 Safdarjang Motors Pvt Ltd,4.0, 992 ,2003,99999999,0,0,http://www.safdarjung.hyundaimotor.in
 Shiva Auto Car India Pvt Ltd,3.8, 221 ,2007,99999999,0,0,http://www.shivamahindra.in
 TCS Autoworld,3.8, 474 ,NA,99999999,0,0,none
 Hans Hyundai A unit of Charu motors,3.9, 2392 ,2003,99999999,0,0,none
 AMP Motors Pvt Ltd,4.1, 359 ,2011,99999999,0,0,http://www.amp-india.com
 Nexa,0, 0 ,2017,99999999,0,0,http://www.nexaexperience.com
 Unity Hyundai,4.3, 33 ,2016,99999999,0,0,http://www.unityhyundai.com
 T & T Motors Private Limited,4.1, 477 ,NA,99999999,0,0,http://www.tandtmotorsindia.com
 Renault Delhi North,3.8, 347 ,2008,99999999,0,0,http://www.divinerenault.com
 Autoportal.com,3.8, 1039 ,NA,99999999,0,0,http://www.autoportal.com
 Tuli Motors Pvt Ltd,3.8, 670 ,2013,99999999,0,0,http://www.tulimotors.com
 Malwa Motors Pvt Ltd,3.8, 398 ,2012,99999999,0,0,none
 Sunrise Hyundai,3.9, 232 ,NA,99999999,0,0,http://www.sunrisehyundai.in
 Galaxy Toyota,4.0, 1048 ,2009,99999999,0,0,http://www.galaxytoyota.com
 Magic Auto,4.0, 40 ,NA,99999999,0,0,none
 Shiva Motors,3.7, 546 ,2007,99999999,0,0,none
 Fortune Hyundai,3.8, 272 ,2009,99999999,0,0,http://www.hyundai.co.in
 Silver Arrows Automobiles Pvt Ltd,3.5, 2 ,2016,99999999,0,0,http://www.silverarrows.in
 Grace Toyota,4.0, 323 ,NA,99999999,0,0,http://www.gracetoyota.in
 PUNEET MOTORS,3.9, 121 ,2004,99999999,0,0,none
 Axon Honda,3.9, 65 ,NA,99999999,0,0,none
 Silver Arrow Automobiles Pvt Ltd,3.9, 43 ,2015,99999999,0,0,http://www.silverarrows.in
 JKM Motors Pvt Ltd,4.0, 275 ,NA,99999999,0,0,http://www.jkmmotors.com
 Hans Hyundai,4.0, 300 ,NA,99999999,0,0,http://www.hyundai.co.in
 Riddhi Ford,3.8, 3218 ,2009,99999999,0,0,http://www.riddhiford.co.in
 Synergy Cars,4.0, 194 ,2009,99999999,0,0,http://www.konceptmahindra.com
 Kashyap Fiat,3.8, 186 ,NA,99999999,0,0,http://www.kashyapfiat.in
 Zedex Nissan,3.7, 907 ,2010,99999999,0,0,http://www.nissan.in
 Auto Car India,3.8, 259 ,NA,99999999,0,0,http://www.autocarsindia.com
 Grand Auto Capital,3.8, 74 ,2016,99999999,0,0,none
 Nexa,0, 0 ,NA,99999999,0,0,http://www.nexaexperience.com
 Nexa Pasco,4.5, 42 ,2016,99999999,0,0,http://www.pasco.in
 Pearl Honda,3.5, 377 ,NA,99999999,0,0,http://www.pearlhonda.com
 Audi Delhi West,4.0, 530 ,1996,99999999,0,0,http://www.audidelhiwest.in
 Southend Honda,3.8, 454 ,2008,99999999,0,0,http://www.southendhonda.com
 Deutsche Motoren Pvt Ltd,4.0, 370 ,2012,99999999,0,0,http://www.bmw-deutschemotoren.in
 Samara Honda,3.9, 331 ,2009,99999999,0,0,http://www.samarahonda.com
 B M Nissan,3.9, 228 ,NA,99999999,0,0,http://www.bmnissan.com
 Indraprastha Automobiles Pvt Ltd,4.0, 603 ,NA,99999999,0,0,http://www.indraprasthaautomobiles.com
 Renault Peeragarhi,0, 0 ,NA,99999999,0,0,http://www.renault.co.in
 Elroy Hyundai,4.1, 8 ,2016,99999999,0,0,http://www.elroymotors.com
 Tanish Ford,4.0, 23 ,2015,99999999,0,0,http://www.tanishford.in
 Magic Auto,3.9, 1046 ,NA,99999999,0,0,none
 Asian Motors,4.0, 871 ,2009,99999999,0,0,none
 Carnation,3.6, 160 ,2011,99999999,0,0,http://www.carnation.in
 Nimbus Hyundai,4.0, 141 ,NA,99999999,0,0,http://www.hyundai.co.in
 Renault Adhchini,3.9, 145 ,NA,99999999,0,0,http://www.renault.co.in
 Himgiri Cars Pvt Ltd,4.1, 7 ,NA,99999999,0,0,http://www.himgiricars.com
 Competent Automobiles Co Ltd,3.9, 19 ,NA,99999999,0,0,none
 Harpreet Ford,3.8, 614 ,2012,99999999,0,0,http://www.harpreetford.com
 Sab Motors Pvt Ltd,3.9, 35 ,2016,99999999,0,0,none
 Mr Car Auto Company Ltd,3.7, 174 ,2009,99999999,0,0,http://www.mrcar.in
 Ring Road Honda,3.9, 319 ,1998,99999999,0,0,none
 Arya Motors Anr Automobiles,4.0, 33 ,2015,99999999,0,0,http://www.aryamotors.in
 Pahwa Autoworld,4.3, 28 ,2016,99999999,0,0,http://www.pahwaautoworld.com
 Concorde Motors India Limited,4.0, 27 ,2014,99999999,0,0,http://www.concordemotors.com
 Prem Motors Pvt Ltd,3.4, 21 ,2014,99999999,0,0,http://www.premmotors.com
 Pasco Automobiles,3.8, 16 ,NA,99999999,0,0,none
 Sri Durga Automobiles,3.9, 318 ,NA,99999999,0,0,http://www.sridurgaautomobiles.com
 Tempo Automobiles Pvt Ltd,3.7, 65 ,NA,99999999,0,0,http://www.forcesmotors.com
 Nimbus Motors Pvt Ltd,3.9, 271 ,1999,99999999,0,0,none
 Safdarjang Hyundai,4.0, 26 ,2015,99999999,0,0,http://www.safdarjang.com
 Fair Deal Cars Pvt Ltd,3.5, 9 ,2016,99999999,0,0,none
 Vertex Nissan,3.9, 9 ,2015,99999999,0,0,none
 Bloom Cars,4.0, 14 ,2016,99999999,0,0,http://www.bloomcars.co.in
 Sunrise Auto Tech Pvt Ltd,4.3, 7 ,2015,99999999,0,0,none
 Unity Hyundai,0, 0 ,2016,99999999,0,0,http://www.unityhyundai.com
 D D Nexa,5.0, 1 ,2017,99999999,0,0,http://www.ddnexa.com
 Neo Vehicleaid Pvt Ltd,3.9, 61 ,2011,99999999,0,0,http://www.neonissan.co.in
 Triumph Hyundai,4.1, 34 ,2014,99999999,0,0,none
 Satman Automobiles,3.3, 105 ,2012,99999999,0,0,none
 Aristo Motor Pvt Ltd,2.8, 39 ,NA,99999999,0,0,http://www.aristomotor.com
 Jaguar Land Rover Shiva Motocorp,4.0, 7 ,NA,99999999,0,0,none
 Pawan Motors,4.1, 61 ,NA,99999999,0,0,none
 THE SAHIBA INTERNATIONAL,3.7, 81 ,2000,99999999,0,0,none
 Crystal Renault,3.7, 82 ,2012,99999999,0,0,http://www.crystalrenault.com
 Fair Deal Cars Pvt Ltd,3.8, 22 ,NA,99999999,0,0,none
 Tanish Ford,3.8, 20 ,NA,99999999,0,0,http://www.tanishford.in
 M R Hyundai,3.6, 8 ,2011,99999999,0,0,none
 Bhagwati Motors,3.8, 73 ,1983,99999999,0,0,none
 Harish Motors & Finance,3.9, 40 ,1990,99999999,0,0,none
 AMP Motors,4.1, 338 ,2009,99999999,0,0,http://www.amp-group.in
 Him Motors Pvt Ltd,3.8, 167 ,2002,99999999,0,0,none
 CHERISH HONDA,5.0, 1 ,2016,99999999,0,0,http://www.cherishhonda.com
 K Car Kunj Pvt Ltd,4.0, 103 ,1990,99999999,0,0,none
 Libra Autohaus,5.0, 2 ,2016,99999999,0,0,http://www.bmw-libraautohaus.in
 Globus Motocorp Pvt Ltd,3.8, 305 ,2012,99999999,0,0,http://www.globuschevrolet.co.in
 Rachna Motors,4.1, 127 ,NA,99999999,0,0,none
 Arya Motors Pvt Ltd,3.6, 5 ,2015,99999999,0,0,http://www.aryamotors.in
 Diljot Motors,3.7, 14 ,2007,99999999,0,0,none
 Magic Auto,3.9, 1598 ,2008,99999999,0,0,none
 Urmil Motors,2.7, 7 ,NA,99999999,0,0,none
 Kasturi Motors,3.8, 27 ,2005,99999999,0,0,none
 Go Auto,4.1, 28 ,2008,99999999,0,0,http://www.mahindrafirstchoice.com
 Volkswagen Gurugram,0, 0 ,2016,99999999,0,0,http://www.volkswagen.co.in
 T R Sawhney Motors Pvt Ltd,0, 0 ,2016,99999999,0,0,http://www.trsawhneymotors.com/
 SAINIK CAR OPTIONS AND SERVICES PVT LTD,3.8, 49 ,1999,99999999,0,0,none
 Isuzu,5.0, 2 ,2014,99999999,0,0,http://Www.isuzu.in
 Concorde Motors India Ltd,3.0, 5 ,NA,99999999,0,0,http://www.concordemotors.com
 Wahe Guru Motor,3.7, 14 ,NA,99999999,0,0,none
 Kumar Motors & Properties,3.8, 12 ,2001,99999999,0,0,none
 Drs Motors Pvt Ltd,3.7, 11 ,NA,99999999,0,0,http://www.fiat-india.com
 Prem Motors Pvt Ltd,5.0, 1 ,2015,99999999,0,0,none
 Him Motors Pvt Ltd,3.8, 43 ,NA,99999999,0,0,none
 Car Trade,4.1, 31 ,1998,99999999,0,0,http://www.carzvilla.com
 Gautam Spare Parts & Accessories,4.5, 24 ,2001,99999999,0,0,none
 GURU JI MOTORS,4.1, 15 ,2011,99999999,0,0,http://www.cartrade.com
 CAR BAZAR,3.8, 12 ,1994,99999999,0,0,none
 East Delhi Finlease Co. Pvt. Ltd.,4.0, 7 ,1994,99999999,0,0,none
 Concorde Motors,3.2, 6 ,NA,99999999,0,0,none
 J K Moto Corp,3.4, 41 ,1994,99999999,0,0,http://www.mahindrafirstchoice.com
 Car Addiction,4.0, 43 ,2011,99999999,0,0,none
 Uppal Motors,3.4, 14 ,1999,99999999,0,0,none
 Sahni Motor Co,3.8, 16 ,1985,99999999,0,0,http://www.sahnimotors.com
 Kapoor Cars House,3.8, 12 ,NA,99999999,0,0,none
 ADZ CAR INDIA PVT LTD,5.0, 1 ,2010,99999999,0,0,http://www.adzcarindia.com
 Lucky Motors,3.8, 18 ,1990,99999999,0,0,http://www.luckymotors.com
 Islam Motors Pvt Ltd.,3.7, 16 ,1999,99999999,0,0,none
 MOHAN CAR ACCESSORIES,5.0, 7 ,2008,99999999,0,0,none
 T R .Sawhney Motors,3.5, 2 ,2015,99999999,0,0,none
 Ad Velocity India Ltd,3.3, 246 ,2013,99999999,0,0,http://www.advelocityindia.com
 Sunrise Hyundai,3.8, 51 ,2013,99999999,0,0,http://www.sunrisehyundai.in
 Sagar Motors,4.0, 23 ,2003,99999999,0,0,none
 Ghai motors,3.8, 29 ,1987,99999999,0,0,none
 Bedi Car Zone,3.9, 14 ,2005,99999999,0,0,none
 Royal Motors,3.8, 25 ,NA,99999999,0,0,none
 DD MOTORS,5.0, 1 ,2016,99999999,0,0,none
 Vipul Motors Pvt Ltd,3.8, 19 ,NA,99999999,0,0,none
 T & T Motors Pvt Limited,4.0, 195 ,NA,99999999,0,0,http://www.tntmotorsindia.com
 Ruby Motors,4.5, 17 ,NA,99999999,0,0,none
 Bholay Motors,4.3, 6 ,NA,99999999,0,0,none
 ,, 0 ,NA,99999999,0,0,none
 Indraprastha Automobiles Pvt Ltd,4.1, 273 ,2004,99999999,0,0,http://www.indraprasthaautomobiles.co.in
 Trans Automobile,3.8, 55 ,NA,99999999,0,0,none
 DELHI MOTORS,3.5, 13 ,1995,99999999,0,0,none
 Carvikreta.com,4.3, 19 ,NA,99999999,0,0,none
 City Car Care,3.4, 29 ,NA,99999999,0,0,none
 Kapoor Diesel Garage Pvt Ltd,3.9, 26 ,NA,99999999,0,0,none
 Anil's Islam Motors,3.5, 39 ,1970,99999999,0,0,none
 Vinayak Motors,4.1, 13 ,NA,99999999,0,0,none
 Bhanu Motor Pvt Ltd,3.5, 60 ,2012,99999999,0,0,http://www.bhanumotor.in
 Kashyap Fiat Vehicle Works Pvt Ltd,4.1, 11 ,2014,99999999,0,0,none
 Branding wheels,0, 0 ,2014,99999999,0,0,none
 LMC Automotive Co. Pvt  Ltd.,4.8, 4 ,2015,99999999,0,0,none
 Skyline Automobiles,3.4, 8 ,NA,99999999,0,0,none
 Magna Motors,4.1, 27 ,NA,99999999,0,0,none
 Orion Automobiles PVT LTD,3.8, 51 ,NA,99999999,0,0,none
 Gautam Automobiles,3.4, 5 ,NA,99999999,0,0,none
 Grace Toyota Cosmic Motors India Pvt Ltd,4.0, 1 ,NA,99999999,0,0,none
 Volkswagen Ncr East,3.8, 704 ,2014,99999999,0,0,http://www.volkswagen.co.in
 Deep Automobiles,3.3, 31 ,NA,99999999,0,0,none
 HARSH CAR CARE,3.0, 2 ,1998,99999999,0,0,none
 JAI Bharat Auto Agencies,3.7, 11 ,NA,99999999,0,0,none
 Patel Auto Services Pvt Ltd,4.3, 57 ,NA,99999999,0,0,none
 Saacha sauda car bazar,0, 0 ,NA,99999999,0,0,none
 Renault Mayapuri,3.8, 173 ,2015,99999999,0,0,none
 QUTAB AUTO Pvt. Ltd.,4.0, 2 ,2002,99999999,0,0,http://www.qutabauto.com
 Rohan Motors,4.1, 14 ,NA,99999999,0,0,none
 Shakti Motors,3.2, 5 ,2000,99999999,0,0,none
 Jemson Motors,3.4, 16 ,1962,99999999,0,0,http://Www.jemsonmotors.co.in
 Himgiri Cars Pvt Ltd,3.2, 6 ,NA,99999999,0,0,http://www.himgiricars.com
 Perfect Motors,3.0, 4 ,NA,99999999,0,0,none
 Ravi Auto Deals,3.8, 9 ,NA,99999999,0,0,none
 Deep Motors,3.0, 1 ,NA,99999999,0,0,none
 Fahrenheit Isuzu,3.8, 21 ,NA,99999999,0,0,none
 Hindan motors,0, 0 ,2002,99999999,0,0,none
 Vivek Autolinks,3.9, 145 ,NA,99999999,0,0,http://www.vivekautolinks.com
 Apra Auto India Pvt Ltd,3.3, 13 ,NA,99999999,0,0,http://www.apraauto.com
 R K Motors,5.0, 1 ,NA,99999999,0,0,none
 Rehan motors,0, 0 ,2016,99999999,0,0,none
 Tuli Fiat,3.9, 18 ,1999,99999999,0,0,http://www.tulimotors.com
 NEW MAAN MOTORS,3.0, 5 ,1990,99999999,0,0,none
 BABAR SONS,4.0, 10 ,NA,99999999,0,0,none
 Rohit Force,3.9, 29 ,2015,99999999,0,0,http://www.forcemotors.com
 Veera Motors,3.8, 4 ,NA,99999999,0,0,none
 VOHRA CARS,3.3, 28 ,2000,99999999,0,0,none
 jolly motors,2.3, 2 ,1999,99999999,0,0,none
 JAGGI MOTORS,3.4, 12 ,2000,99999999,0,0,none
 Bala Ji Car Bazar,4.1, 20 ,1993,99999999,0,0,none
 Neo Datsun,3.7, 391 ,NA,99999999,0,0,http://www.neodatsun.co.in
 Chawla Motors & Estates,3.2, 19 ,1973,99999999,0,0,none
 Dc car point,4.0, 2 ,2014,99999999,0,0,none
 Noida Car Point,3.3, 13 ,2000,99999999,0,0,none
 AVRY MOTORS,4.0, 6 ,NA,99999999,0,0,none
 RANA CAR FASHION,3.9, 16 ,2002,99999999,0,0,none
 Csd Cars For Defence Sainiks Option,3.7, 20 ,NA,99999999,0,0,none
 Super Motors,3.2, 9 ,NA,99999999,0,0,none
 JKM MOTORS,0, 0 ,1990,99999999,0,0,http://www.jkmmotor.com
 Mr. Car auto company ltd.,4.3, 2 ,2016,99999999,0,0,none
 Prince Motor Links Pvt Ltd,3.8, 27 ,2008,99999999,0,0,none
 Khurana Automobiles,4.2, 33 ,2001,99999999,0,0,none
 S S Motors,4.3, 4 ,2000,99999999,0,0,none
 Sunny Dhawan Motor,3.8, 5 ,1977,99999999,0,0,none
 PUNJABI BAGH MOTORS AND PROPERTIES,3.8, 11 ,2012,99999999,0,0,none
 Majestic Cars,3.8, 6 ,2003,99999999,0,0,http://www.majesticcars.co.in
 Magus Car Ltd,3.4, 5 ,NA,99999999,0,0,http://www.maguscars.com
 Cargo Motors PVT LTD,4.5, 2 ,NA,99999999,0,0,none
 Chadha Motor,3.5, 8 ,2001,99999999,0,0,http://www.chadhamotors.com
 The New India Assurance Company Ltd,4.3, 3 ,NA,99999999,0,0,none
 Prince Motor Links .pvt. Ltd,3.9, 96 ,2011,99999999,0,0,none
 Pal Motors,3.7, 9 ,NA,99999999,0,0,none
 My car deals,3.5, 2 ,1987,99999999,0,0,none
 Car Trade.com,0, 0 ,2012,99999999,0,0,http://www.carzunlimited.in
 BENZ MOTORS,3.6, 8 ,1999,99999999,0,0,none
 Jhelum Motors,4.5, 6 ,1988,99999999,0,0,none
 Mahalaxmi Motors,3.0, 1 ,NA,99999999,0,0,none
 First Choice,3.6, 29 ,2011,99999999,0,0,http://www.Mahindrafirstchoice.com
 Dinco Motors,4.5, 4 ,2008,99999999,0,0,http://www.dincomotors.com
 Maken Motors,5.0, 1 ,2008,99999999,0,0,none
 Alva Auto Spares Pvt Ltd,4.2, 36 ,2012,99999999,0,0,none
 Pankaj Motors,3.3, 3 ,NA,99999999,0,0,none
 Haryana Motors,0, 0 ,NA,99999999,0,0,none
 Premier Ltd,3.3, 78 ,NA,99999999,0,0,http://www.premier.co.in
 Dwarka Motors & Properties,3.4, 7 ,NA,99999999,0,0,none
 Rajeev Motors Ltd,4.3, 27 ,NA,99999999,0,0,none
 Zig Wheels,3.0, 19 ,NA,99999999,0,0,http://www.zigwheels.com
 Magic Motors.,3.4, 17 ,2004,99999999,0,0,none
 Raj Motors,3.4, 7 ,2007,99999999,0,0,none
 Shyam Motor,3.1, 6 ,NA,99999999,0,0,none
 G G Motors,3.3, 3 ,1998,99999999,0,0,none
 S K CNG Car A C,3.8, 4 ,1997,99999999,0,0,none
 Genson Cars,3.3, 6 ,NA,99999999,0,0,none
 Grd Motors,3.2, 10 ,NA,99999999,0,0,none
 East Delhi Finlease Pvt Ltd,3.0, 12 ,NA,99999999,0,0,none
 Car Zone,3.8, 17 ,NA,99999999,0,0,none
 Chaddha Motors,3.3, 4 ,NA,99999999,0,0,none
 Rahul motors,5.0, 3 ,2014,99999999,0,0,none
 Kasana Motors,4.1, 8 ,2000,99999999,0,0,none
 CAR SHRINGAR.,4.2, 7 ,1996,99999999,0,0,http://www.car.com
 Samara Auto Zone,4.0, 2 ,NA,99999999,0,0,none
 City Motors,3.8, 10 ,1999,99999999,0,0,none
 True Value,3.8, 5 ,2002,99999999,0,0,none
 Mohan Motors,2.0, 5 ,NA,99999999,0,0,none
 Sania Auto Mobiles,0, 0 ,NA,99999999,0,0,none
 AD ZONE,5.0, 1 ,2014,99999999,0,0,http://www.adzoneplanet.com
 Boss key automotives,0, 0 ,NA,99999999,0,0,none
 Sam Motors,2.0, 1 ,2007,99999999,0,0,none
 Shakeel Motors,3.5, 10 ,2010,99999999,0,0,none
 HopCar,4.5, 2 ,2015,99999999,0,0,http://www.hopcar.in
 Motor dot com,0, 0 ,1996,99999999,0,0,none
 Click Garage,0, 0 ,2014,99999999,0,0,none
 Car trade.com,5.0, 1 ,2000,99999999,0,0,http://Www.cartrade.com
 Kohli Motors,4.0, 1 ,NA,99999999,0,0,none
 Pal Motors,3.6, 5 ,1997,99999999,0,0,none
 Sahni Motors & properties,0, 0 ,NA,99999999,0,0,none
 Gaba Motors,4.2, 5 ,2002,99999999,0,0,none
 Vinayak Motors,3.3, 4 ,2003,99999999,0,0,none
 Puri Motors & co.,2.5, 2 ,2004,99999999,0,0,http://www.purimotors.com
 ROYAL CARZ service,2.9, 4 ,2001,99999999,0,0,none
 NEXT RIDE,4.3, 9 ,NA,99999999,0,0,none
 Preetpal Motors,0, 0 ,NA,99999999,0,0,none
 Durga Motors,4.3, 3 ,NA,99999999,0,0,none
 New Shakti Motors,3.0, 2 ,NA,99999999,0,0,none
 City Car Care Dealers,3.9, 12 ,2004,99999999,0,0,http://www.citycarz.co.in
 Gyani Motors,3.1, 7 ,1977,99999999,0,0,none
 Car Town,4.0, 16 ,2008,99999999,0,0,none
 Mass Metal Pvt Ltd,1.0, 1 ,NA,99999999,0,0,none
 Om Creations,3.0, 1 ,NA,99999999,0,0,none
 Continental Car Scanning Centre,3.7, 15 ,NA,99999999,0,0,http://www.cngcontinental.com
 Rama Motors & Properties,3.7, 9 ,2000,99999999,0,0,none
 My Shop Motors,2.0, 1 ,NA,99999999,0,0,none
 Standard cars,4.5, 12 ,2000,99999999,0,0,none
 Fair Deal Motors,4.1, 9 ,1990,99999999,0,0,none
 Shankar motors,5.0, 2 ,2015,99999999,0,0,none
 Bharat Motors,4.5, 2 ,NA,99999999,0,0,none
 Hans Motors Sameypur,3.4, 5 ,NA,99999999,0,0,none
 Car Mall,4.2, 9 ,NA,99999999,0,0,none
 Dewan Auto,3.8, 4 ,NA,99999999,0,0,none
 Super Car Bazar,0, 0 ,NA,99999999,0,0,none
 Rajat Motors,5.0, 1 ,NA,99999999,0,0,none
 Fitness Auto Centre,5.0, 1 ,NA,99999999,0,0,none
 Aiyyar Automobiles Pvt Ltd,0, 0 ,1986,99999999,0,0,none
 Kamal Motors,4.3, 3 ,2008,99999999,0,0,none
 Ekta Motors And Auto Dealers.,4.2, 6 ,NA,99999999,0,0,none
 General Motors,3.8, 14 ,2007,99999999,0,0,none
 Ahuja Motors,4.0, 10 ,NA,99999999,0,0,none
 Ap Classic Motors,4.1, 14 ,2012,99999999,0,0,http://www.ap_classic.com
 Yamuna Motors,2.7, 3 ,NA,99999999,0,0,none
 ADZ Car India Pvt Ltd,4.3, 6 ,2015,99999999,0,0,none
 Lohia Motors,5.0, 3 ,NA,99999999,0,0,none
 Sukhmani Auto Deal,4.3, 3 ,2009,99999999,0,0,none
 Tirupati Motors,3.8, 7 ,2000,99999999,0,0,none
 United Cars,3.5, 3 ,1999,99999999,0,0,none
 Shri Sai Motors,3.6, 34 ,NA,99999999,0,0,none
 Shiva Auto,4.0, 1 ,NA,99999999,0,0,none
 Ad on wheelz,1.0, 1 ,2014,99999999,0,0,http://www.adonwheelz.in
 AD ON WHEELZ,2.3, 4 ,2013,99999999,0,0,none
 Vehicle Magnets,4.1, 20 ,2000,99999999,0,0,none
 Fair Car Nikhar,4.4, 5 ,NA,99999999,0,0,http://www.delhibazaaronline.com/autoaccess/fcn.htm
 Car Choice,5.0, 1 ,NA,99999999,0,0,none
 United Motors,4.5, 2 ,NA,99999999,0,0,none
 Bizarre,4.1, 12 ,2002,99999999,0,0,none
 Vidhya motors,4.5, 1 ,2015,99999999,0,0,http://www.VIDHYA MOTORS.com
 Drivewell Service Station Maruti Authorised,3.5, 2 ,1990,99999999,0,0,none
 ,, 0 ,NA,99999999,0,0,none
 Balbir Motor & Finance Co,4.5, 2 ,NA,99999999,0,0,none
 Anubhav Motors,3.8, 29 ,NA,99999999,0,0,none
 Shivam Motors,5.0, 2 ,1997,99999999,0,0,none
 Shiv Car Sales,4.2, 6 ,1999,99999999,0,0,none
 Used car,5.0, 2 ,2009,99999999,0,0,none
 JAGDAMBA MOTORS,4.6, 7 ,1970,99999999,0,0,none
 Azad Motors,4.0, 1 ,NA,99999999,0,0,none
 Shri Shiv Kirpa Property & Car True Value,5.0, 3 ,NA,99999999,0,0,none
 Guru ji motors shops,0, 0 ,2015,99999999,0,0,http://www.gurujimotors.in
 BS Car Trader,0, 0 ,2012,99999999,0,0,none
 Sony Motors,3.0, 1 ,NA,99999999,0,0,none
 ZEE Motor & Properties,4.1, 7 ,2012,99999999,0,0,none
 Real cars,3.5, 4 ,NA,99999999,0,0,none
 Superb Auto & Finance,1.0, 1 ,2001,99999999,0,0,http://www.auto99.in
 CITY MOTORS,4.0, 1 ,NA,99999999,0,0,none
 Shine Car Accessories,5.0, 2 ,2009,99999999,0,0,none
 CITY ON WHEELS,4.1, 7 ,2000,99999999,0,0,none
 Auto Experts,2.0, 2 ,2005,99999999,0,0,http://autoexperts.in
 Shri Balaji Motor & Spare,5.0, 1 ,NA,99999999,0,0,none
 Maruti Car Bazar,3.8, 13 ,NA,99999999,0,0,none
 Nitin Motors,0, 0 ,NA,99999999,0,0,none
 P S Cars Pvt Ltd G T Karnal Road,2.0, 1 ,NA,99999999,0,0,none
 Jolly Motors,3.2, 6 ,NA,99999999,0,0,none
 DHAMIJA MOTORS,3.6, 5 ,2006,99999999,0,0,none
 JAGGI CAR CARE,3.3, 3 ,2000,99999999,0,0,none
 Carnation Divya Motors,4.2, 22 ,NA,99999999,0,0,http://www.divyamotors.info
 Joy Car Accessories,3.2, 18 ,NA,99999999,0,0,none
 Capital Scooter Works,3.2, 5 ,1996,99999999,0,0,none
 Khanna Auto Deal & Property Dealer,0, 0 ,NA,99999999,0,0,none
 Satguru Motors.,0, 0 ,2005,99999999,0,0,none
 Sabka Car Bazar,4.5, 12 ,2010,99999999,0,0,none
 Samar motors,3.5, 2 ,2014,99999999,0,0,none
 Batra Motor & Properties,5.0, 1 ,NA,99999999,0,0,none
 INDIA MOTOR DRIVING TRAINING COLLEGE.,4.1, 19 ,NA,99999999,0,0,none
 Guru Kirpa Motors,5.0, 2 ,2001,99999999,0,0,none
 ANMOL MOTORS,5.0, 3 ,1995,99999999,0,0,none
 Sharma Auto Deals,3.3, 6 ,NA,99999999,0,0,none
 Bharat Car Bazar,0, 0 ,NA,99999999,0,0,http://www.mahindrafirstchoice.com
 Car AC India,4.6, 7 ,1994,99999999,0,0,none
 New Carnation Motors,4.5, 2 ,NA,99999999,0,0,none
 Mahajan Motors,4.8, 4 ,NA,99999999,0,0,none
 SAI Car Sale & Purchase,4.3, 3 ,NA,99999999,0,0,none
 Bhawani Motors,5.0, 2 ,NA,99999999,0,0,none
 Ishwar motor works,4.0, 2 ,1970,99999999,0,0,none
 Leo Motors,0, 0 ,NA,99999999,0,0,none
 Vivek Automobiles,4.3, 3 ,NA,99999999,0,0,none
 Sushil Car Bazar,3.4, 7 ,2000,99999999,0,0,none
 Bhagwati Motors,3.5, 11 ,20,99999999,0,0,none
 Daksh Motors,4.8, 12 ,2009,99999999,0,0,none
 Arihant Motors,0, 0 ,NA,99999999,0,0,none
 Mukta Jain,0, 0 ,2009,99999999,0,0,none
 Swastik motors,0, 0 ,2014,99999999,0,0,none
 H Promise,0, 0 ,2011,99999999,0,0,none
 Sai motors,3.5, 1 ,2001,99999999,0,0,none
 Balaji Motors,4.2, 5 ,NA,99999999,0,0,none
 DAS Auto Mobiles,4.0, 4 ,NA,99999999,0,0,none
 PAYAL MOTORS,1.0, 1 ,2009,99999999,0,0,none
 K M Motors,0, 0 ,NA,99999999,0,0,none
 Noida Motors,4.4, 4 ,NA,99999999,0,0,none
 Baba Motors & Properties,3.7, 3 ,2008,99999999,0,0,none
 Sai Deep Motors,4.1, 7 ,2012,99999999,0,0,http://www.bat11.com
 Mridula Motors,0, 0 ,NA,99999999,0,0,none
